{"Public Sector": {"PT/M": [26562, 32254, 42260, 60074, 92461, 152351, 264753], "PT/F": [90447, 92108, 93964, 94861, 97582, 99714, 101226], "FT/M": [107772, 104281, 101559, 99472, 97862, 96512, 95319], "FT/F": [156352, 157526, 158512, 160545, 162391, 165004, 167442], "PT": [117009, 124362, 136224, 154935, 190043, 252065, 365979], "FT": [264124, 261807, 260071, 260017, 260253, 261516, 262761], "F": [246799, 249634, 252476, 255406, 259973, 264718, 268668], "M": [134334, 136535, 143819, 159546, 190323, 248863, 360072], "WF": [381133, 386169, 396295, 414952, 450296, 513581, 628740], "PT/Ratio": [0.30700306717077763, 0.3220403502093643, 0.34374392813434435, 0.3733805355800189, 0.42204016913319237, 0.49079891974196865, 0.5820832140471419], "PT/M/Ratio": [0.19773102863013087, 0.2362324678653825, 0.2938415647445748, 0.3765309064470435, 0.48581096346736863, 0.6121882320794976, 0.7352779444111178], "PT/F/Ratio": [0.36648041523669056, 0.36897217526458737, 0.37217002804226934, 0.3714125744892446, 0.37535436372238656, 0.3766800897558912, 0.3767698423332887]}, "Education": {"PT/M": [10118, 10099, 10099, 10099, 10099, 10099, 10099], "FT/M": [15098, 14187, 13331, 12526, 11770, 11060, 10393], "PT/F": [39156, 39156, 39156, 39156, 39156, 39156, 39156], "FT/F": [45414, 46575, 47653, 48830, 49987, 51203, 52429], "PT": [49274, 49255, 49255, 49255, 49255, 49255, 49255], "FT": [60512, 60762, 60984, 61356, 61757, 62263, 62822], "F": [84570, 85731, 86809, 87986, 89143, 90359, 91585], "M": [25216, 24286, 23430, 22625, 21869, 21159, 20492], "WF": [109786, 110017, 110239, 110611, 111012, 111518, 112077], "PT/Ratio": [0.4488186107518263, 0.4477035367261423, 0.4468019484937273, 0.44529929211380426, 0.44369077216877456, 0.44167757671407304, 0.43947464689454574], "PT/M/Ratio": [0.4012531725888325, 0.4158362842790085, 0.4310285958173282, 0.4463646408839779, 0.4617952352645297, 0.4772909872867338, 0.49282646886589887], "PT/F/Ratio": [0.46300106420716564, 0.4567309374671939, 0.45105922197007225, 0.44502534494124063, 0.43924929607484603, 0.4333381290186921, 0.42753726046841733]}, "Family & Community Services": {"PT/M": [40, 7, 2, 0, 0, 0, 0], "FT/M": [2191, 1771, 1674, 1539, 1470, 1414, 1376], "PT/F": [1316, 682, 630, 332, 302, 161, 145], "FT/F": [6623, 5560, 5334, 4937, 4826, 4662, 4607], "PT": [1356, 689, 632, 332, 302, 161, 145], "FT": [8814, 7331, 7008, 6476, 6296, 6076, 5983], "F": [7939, 6242, 5964, 5269, 5128, 4823, 4752], "M": [2231, 1778, 1676, 1539, 1470, 1414, 1376], "WF": [10170, 8020, 7640, 6808, 6598, 6237, 6128], "PT/Ratio": [0.13333333333333333, 0.08591022443890274, 0.08272251308900523, 0.04876615746180964, 0.04577144589269476, 0.025813692480359147, 0.023661879895561358], "PT/M/Ratio": [0.017929179740026894, 0.003937007874015748, 0.0011933174224343676, 0.0, 0.0, 0.0, 0.0], "PT/F/Ratio": [0.16576395011966244, 0.10925985261134252, 0.1056338028169014, 0.06301005883469349, 0.058892355694227766, 0.033381712626995644, 0.030513468013468013]}, "Finance, Services & Innovation": {"PT/M": [1082, 1697, 2662, 4174, 6544, 10259, 16082], "FT/M": [2767, 2767, 2767, 2767, 2767, 2767, 2767], "PT/F": [1302, 1144, 1062, 1012, 981, 962, 949], "FT/F": [3781, 3719, 3778, 3723, 3774, 3726, 3771], "PT": [2384, 2841, 3724, 5186, 7525, 11221, 17031], "FT": [6548, 6486, 6545, 6490, 6541, 6493, 6538], "F": [5083, 4863, 4840, 4735, 4755, 4688, 4720], "M": [3849, 4464, 5429, 6941, 9311, 13026, 18849], "WF": [8932, 9327, 10269, 11676, 14066, 17714, 23569], "PT/Ratio": [0.2669055082848186, 0.30459954969443553, 0.36264485344239944, 0.44415895854744775, 0.5349779610408076, 0.6334537653833127, 0.7226017226017226], "PT/M/Ratio": [0.28111197713691866, 0.38015232974910396, 0.4903297108123043, 0.6013542717187725, 0.7028246160455376, 0.7875786887762936, 0.8532017613666507], "PT/F/Ratio": [0.25614794412748376, 0.23524573308657207, 0.2194214876033058, 0.213727560718057, 0.20630914826498423, 0.2052047781569966, 0.2010593220338983]}, "Health": {"PT/M": [9052, 11410, 15015, 20629, 29590, 44311, 69279], "FT/M": [30218, 30383, 30531, 30681, 30831, 30982, 31134], "PT/F": [42822, 44724, 46709, 48783, 50949, 53211, 55573], "FT/F": [68069, 69189, 69744, 70783, 71442, 72431, 73168], "PT": [51874, 56134, 61724, 69412, 80539, 97522, 124852], "FT": [98287, 99572, 100275, 101464, 102273, 103413, 104302], "F": [110891, 113913, 116453, 119566, 122391, 125642, 128741], "M": [39270, 41793, 45546, 51310, 60421, 75293, 100413], "WF": [150161, 155706, 161999, 170876, 182812, 200935, 229154], "PT/Ratio": [0.3454558773583021, 0.3605127612294966, 0.38101469762159024, 0.40621269224466866, 0.44055641861584577, 0.4853410306815637, 0.5448388420014488], "PT/M/Ratio": [0.23050674815380698, 0.27301222692795446, 0.3296667105783164, 0.40204638472032744, 0.4897303917512123, 0.5885142045077232, 0.6899405455468913], "PT/F/Ratio": [0.3861629888809732, 0.3926154170287851, 0.40109743845156415, 0.40800060217787665, 0.41628060886829915, 0.4235128380637048, 0.4316651261059026]}, "Industry": {"PT/M": [4, 0, 0, 0, 0, 0, 0], "FT/M": [3792, 2139, 1014, 404, 135, 38, 9], "PT/F": [51, 0, 0, 0, 0, 0, 0], "FT/F": [4581, 3520, 2657, 2024, 1535, 1167, 886], "PT": [55, 0, 0, 0, 0, 0, 0], "FT": [8373, 5659, 3671, 2428, 1670, 1205, 895], "F": [4632, 3520, 2657, 2024, 1535, 1167, 886], "M": [3796, 2139, 1014, 404, 135, 38, 9], "WF": [8428, 5659, 3671, 2428, 1670, 1205, 895], "PT/Ratio": [0.006525866160417656, 0.0, 0.0, 0.0, 0.0, 0.0, 0.0], "PT/M/Ratio": [0.001053740779768177, 0.0, 0.0, 0.0, 0.0, 0.0, 0.0], "PT/F/Ratio": [0.011010362694300517, 0.0, 0.0, 0.0, 0.0, 0.0, 0.0]}, "Justice": {"PT/M": [2849, 5608, 11041, 21737, 42793, 84247, 165858], "FT/M": [27030, 27048, 27041, 27044, 27043, 27043, 27043], "PT/F": [2813, 3499, 3578, 2814, 3493, 3582, 2816], "FT/F": [15148, 15574, 15464, 15781, 15761, 16011, 16049], "PT": [5662, 9107, 14619, 24551, 46286, 87829, 168674], "FT": [42178, 42622, 42505, 42825, 42804, 43054, 43092], "F": [17961, 19073, 19042, 18595, 19254, 19593, 18865], "M": [29879, 32656, 38082, 48781, 69836, 111290, 192901], "WF": [47840, 51729, 57124, 67376, 89090, 130883, 211766], "PT/Ratio": [0.11835284280936455, 0.17605211776759652, 0.25591695259435615, 0.3643879126098314, 0.5195420361432259, 0.6710497161587067, 0.7965112435424005], "PT/M/Ratio": [0.09535125004183541, 0.17172954434100932, 0.28992699963237223, 0.44560382115987784, 0.6127641903889112, 0.757004223200647, 0.8598089175276438], "PT/F/Ratio": [0.1566171148599744, 0.18345304881245741, 0.187900430627035, 0.15133100295778434, 0.18141684844707592, 0.18282039503904457, 0.14927113702623906]}, "Planning & Environment": {"PT/M": [275, 291, 299, 293, 293, 293, 293], "FT/M": [5580, 5580, 5580, 5580, 5580, 5580, 5580], "PT/F": [1251, 1251, 1251, 1251, 1251, 1251, 1251], "FT/F": [3913, 3942, 3942, 3942, 3942, 3942, 3942], "PT": [1526, 1542, 1550, 1544, 1544, 1544, 1544], "FT": [9493, 9522, 9522, 9522, 9522, 9522, 9522], "F": [5164, 5193, 5193, 5193, 5193, 5193, 5193], "M": [5855, 5871, 5879, 5873, 5873, 5873, 5873], "WF": [11019, 11064, 11072, 11066, 11066, 11066, 11066], "PT/Ratio": [0.13848806606770125, 0.1393709327548807, 0.139992774566474, 0.1395264774986445, 0.1395264774986445, 0.1395264774986445, 0.1395264774986445], "PT/M/Ratio": [0.04696840307429547, 0.049565661727133364, 0.05085898962408573, 0.04988932402520007, 0.04988932402520007, 0.04988932402520007, 0.04988932402520007], "PT/F/Ratio": [0.2422540666150271, 0.24090121317157712, 0.24090121317157712, 0.24090121317157712, 0.24090121317157712, 0.24090121317157712, 0.24090121317157712]}, "Premier & Cabinet": {"PT/M": [71, 71, 71, 71, 71, 71, 71], "FT/M": [1063, 1063, 1063, 1063, 1063, 1063, 1063], "PT/F": [293, 294, 294, 294, 294, 294, 294], "FT/F": [1497, 1687, 1826, 2049, 2227, 2490, 2714], "PT": [364, 365, 365, 365, 365, 365, 365], "FT": [2560, 2750, 2889, 3112, 3290, 3553, 3777], "F": [1790, 1981, 2120, 2343, 2521, 2784, 3008], "M": [1134, 1134, 1134, 1134, 1134, 1134, 1134], "WF": [2924, 3115, 3254, 3477, 3655, 3918, 4142],